lat,lon,z_m,ch4_ppm,background_ppm,wind_speed_ms,wind_dir_from_deg,stability,source_lat,source_lon,source_height_m,Q_true_gps
7.129878623276883,-73.12351023218984,1.5,1.8802968393537833,1.9,4.0,270.0,D,7.13,-73.125,2.0,0.3
7.131410671715372,-73.12533237788851,1.5,1.8827831664295285,1.9,4.0,270.0,D,7.13,-73.125,2.0,0.3
7.132176328817159,-73.12304995129443,1.5,1.9491484818415177,1.9,4.0,270.0,D,7.13,-73.125,2.0,0.3
7.131190859799335,-73.12392671639121,1.5,1.9360348389549429,1.9,4.0,270.0,D,7.13,-73.125,2.0,0.3
7.132499455168652,-73.12720685590602,1.5,1.891765011646307,1.9,4.0,270.0,D,7.13,-73.125,2.0,0.3
7.131521680058154,-73.12241357464823,1.5,1.8927283341938639,1.9,4.0,270.0,D,7.13,-73.125,2.0,0.3
7.131979234751066,-73.12357992724006,1.5,1.877015920056234,1.9,4.0,270.0,D,7.13,-73.125,2.0,0.3
7.127917732721476,-73.12344438771883,1.5,1.8618373917354947,1.9,4.0,270.0,D,7.13,-73.125,2.0,0.3
7.1312540869084975,-73.12702231103125,1.5,1.8976623962718295,1.9,4.0,270.0,D,7.13,-73.125,2.0,0.3
7.129676722838277,-73.12526980033127,1.5,1.8800429603351194,1.9,4.0,270.0,D,7.13,-73.125,2.0,0.3
7.130286544381189,-73.12570259790036,1.5,1.8983029893667598,1.9,4.0,270.0,D,7.13,-73.125,2.0,0.3
7.1308315257582295,-73.12267926006294,1.5,1.8679958830191303,1.9,4.0,270.0,D,7.13,-73.125,2.0,0.3
7.132535089311443,-73.12421766419823,1.5,1.8847605108337948,1.9,4.0,270.0,D,7.13,-73.125,2.0,0.3
7.132614749230316,-73.12324482845209,1.5,1.9029725419060566,1.9,4.0,270.0,D,7.13,-73.125,2.0,0.3
7.128857294513864,-73.12530771251646,1.5,1.9073241919556787,1.9,4.0,270.0,D,7.13,-73.125,2.0,0.3
7.131261317424229,-73.12648327067164,1.5,1.9083494391748401,1.9,4.0,270.0,D,7.13,-73.125,2.0,0.3
7.131348893580735,-73.12470316896068,1.5,1.873590220316859,1.9,4.0,270.0,D,7.13,-73.125,2.0,0.3
7.129171686281096,-73.12737195351087,1.5,1.9170937146027112,1.9,4.0,270.0,D,7.13,-73.125,2.0,0.3
7.127970427771378,-73.12321834788388,1.5,1.883995766067963,1.9,4.0,270.0,D,7.13,-73.125,2.0,0.3
7.127522982098734,-73.12428401148802,1.5,1.912657158292146,1.9,4.0,270.0,D,7.13,-73.125,2.0,0.3
7.13149652400104,-73.12359652375116,1.5,1.899787226467636,1.9,4.0,270.0,D,7.13,-73.125,2.0,0.3
7.129944420531617,-73.12579108503365,1.5,1.872472250018441,1.9,4.0,270.0,D,7.13,-73.125,2.0,0.3
7.13261994058981,-73.12244035304663,1.5,1.8936760459083761,1.9,4.0,270.0,D,7.13,-73.125,2.0,0.3
7.1298109992342455,-73.12286221477817,1.5,1.9073072748412752,1.9,4.0,270.0,D,7.13,-73.125,2.0,0.3
7.132578806390699,-73.12348615580855,1.5,1.9122593076094918,1.9,4.0,270.0,D,7.13,-73.125,2.0,0.3
7.129522870329748,-73.12666054893077,1.5,1.8971802420511115,1.9,4.0,270.0,D,7.13,-73.125,2.0,0.3
7.131584688219627,-73.12518097055226,1.5,1.930635660206575,1.9,4.0,270.0,D,7.13,-73.125,2.0,0.3
7.127759714007373,-73.12748078649267,1.5,1.9201502154197312,1.9,4.0,270.0,D,7.13,-73.125,2.0,0.3
7.130299267485368,-73.126879967203,1.5,1.8948669176720048,1.9,4.0,270.0,D,7.13,-73.125,2.0,0.3
7.131629893356293,-73.12400458325465,1.5,1.9150024362427387,1.9,4.0,270.0,D,7.13,-73.125,2.0,0.3
7.132291660312403,-73.12366898802587,1.5,1.9386758697037636,1.9,4.0,270.0,D,7.13,-73.125,2.0,0.3
7.131740635658578,-73.122457690918,1.5,1.9392096920156605,1.9,4.0,270.0,D,7.13,-73.125,2.0,0.3
7.127501526624795,-73.12594715840793,1.5,1.87544000238355,1.9,4.0,270.0,D,7.13,-73.125,2.0,0.3
7.129313110790926,-73.12570443766832,1.5,1.881469337776857,1.9,4.0,270.0,D,7.13,-73.125,2.0,0.3
7.127564808712206,-73.12516555492243,1.5,1.9296983757346768,1.9,4.0,270.0,D,7.13,-73.125,2.0,0.3
7.127891714735505,-73.12668864887563,1.5,1.8788343789832471,1.9,4.0,270.0,D,7.13,-73.125,2.0,0.3
7.130945936836999,-73.12701247985393,1.5,1.8735491773341664,1.9,4.0,270.0,D,7.13,-73.125,2.0,0.3
7.131150726221494,-73.12513211615165,1.5,1.890276832228111,1.9,4.0,270.0,D,7.13,-73.125,2.0,0.3
7.131476977543912,-73.12648506179433,1.5,1.9084045341894915,1.9,4.0,270.0,D,7.13,-73.125,2.0,0.3
7.131971977818146,-73.12407655470896,1.5,1.897952065867778,1.9,4.0,270.0,D,7.13,-73.125,2.0,0.3
7.131291955356427,-73.1253417666764,1.5,1.886988727591888,1.9,4.0,270.0,D,7.13,-73.125,2.0,0.3
7.1316234819403315,-73.12319090226246,1.5,1.8865157507655097,1.9,4.0,270.0,D,7.13,-73.125,2.0,0.3
7.127566239915144,-73.12391096216334,1.5,1.8857532587117458,1.9,4.0,270.0,D,7.13,-73.125,2.0,0.3
7.12856757035108,-73.12602034665507,1.5,1.882409807426821,1.9,4.0,270.0,D,7.13,-73.125,2.0,0.3
7.130657751807858,-73.12319317748474,1.5,1.9456326575455212,1.9,4.0,270.0,D,7.13,-73.125,2.0,0.3
7.1319324189444515,-73.12334269718858,1.5,1.905950221423711,1.9,4.0,270.0,D,7.13,-73.125,2.0,0.3
7.127326317539769,-73.12561189044648,1.5,1.9177351810880947,1.9,4.0,270.0,D,7.13,-73.125,2.0,0.3
7.130078938900674,-73.12615106776704,1.5,1.8902184506376214,1.9,4.0,270.0,D,7.13,-73.125,2.0,0.3
7.130956630332233,-73.1240075929013,1.5,1.896280866456279,1.9,4.0,270.0,D,7.13,-73.125,2.0,0.3
7.12746179403108,-73.12695901918002,1.5,1.8857289203725929,1.9,4.0,270.0,D,7.13,-73.125,2.0,0.3
7.129467721529624,-73.12663189351868,1.5,1.846965833301616,1.9,4.0,270.0,D,7.13,-73.125,2.0,0.3
7.1321348179813,-73.12767895465882,1.5,1.8724398144630425,1.9,4.0,270.0,D,7.13,-73.125,2.0,0.3
7.130926010641139,-73.12343971066234,1.5,1.863787626400392,1.9,4.0,270.0,D,7.13,-73.125,2.0,0.3
7.1285844229882285,-73.12410354416002,1.5,1.8550043244409677,1.9,4.0,270.0,D,7.13,-73.125,2.0,0.3
7.13190358215223,-73.12388431455174,1.5,1.876092820514038,1.9,4.0,270.0,D,7.13,-73.125,2.0,0.3
7.129179988253909,-73.12347340083932,1.5,1.9264991135876326,1.9,4.0,270.0,D,7.13,-73.125,2.0,0.3
7.1319066229825765,-73.12522341523551,1.5,1.8991112869788085,1.9,4.0,270.0,D,7.13,-73.125,2.0,0.3
7.128915114088665,-73.12462618667665,1.5,1.9258112752464234,1.9,4.0,270.0,D,7.13,-73.125,2.0,0.3
7.130487361718427,-73.12695877711091,1.5,1.9082196515380174,1.9,4.0,270.0,D,7.13,-73.125,2.0,0.3
7.129443895857326,-73.12709617816893,1.5,1.9156511765143032,1.9,4.0,270.0,D,7.13,-73.125,2.0,0.3
7.128784971818194,-73.12408422787914,1.5,1.8819820600939083,1.9,4.0,270.0,D,7.13,-73.125,2.0,0.3
7.132085837405555,-73.12515717828428,1.5,1.910483973289435,1.9,4.0,270.0,D,7.13,-73.125,2.0,0.3
7.128314277490056,-73.1246452472869,1.5,1.9145742846814868,1.9,4.0,270.0,D,7.13,-73.125,2.0,0.3
7.127759672560828,-73.12355894122584,1.5,1.8884670541553261,1.9,4.0,270.0,D,7.13,-73.125,2.0,0.3
7.129147048883122,-73.12426740432404,1.5,1.9111908074123232,1.9,4.0,270.0,D,7.13,-73.125,2.0,0.3
7.131174365526607,-73.12470863623268,1.5,1.9113237551714966,1.9,4.0,270.0,D,7.13,-73.125,2.0,0.3
7.131658879313581,-73.12467803257978,1.5,1.889008947577399,1.9,4.0,270.0,D,7.13,-73.125,2.0,0.3
7.132691184131058,-73.12606611565843,1.5,1.87754463135458,1.9,4.0,270.0,D,7.13,-73.125,2.0,0.3
7.1289011839885115,-73.12755140374101,1.5,1.8763174333620345,1.9,4.0,270.0,D,7.13,-73.125,2.0,0.3
7.1295032612459215,-73.12534412964035,1.5,1.9017301108384292,1.9,4.0,270.0,D,7.13,-73.125,2.0,0.3
7.128040313171132,-73.12655208315056,1.5,1.9065401973757863,1.9,4.0,270.0,D,7.13,-73.125,2.0,0.3
7.130404003663921,-73.12549741950524,1.5,1.8841494833908417,1.9,4.0,270.0,D,7.13,-73.125,2.0,0.3
7.132684906869106,-73.12307820077221,1.5,1.900531706826522,1.9,4.0,270.0,D,7.13,-73.125,2.0,0.3
7.1310839397957215,-73.12644683204331,1.5,1.9114107407227696,1.9,4.0,270.0,D,7.13,-73.125,2.0,0.3
7.130513761787268,-73.12740194133596,1.5,1.912363814293306,1.9,4.0,270.0,D,7.13,-73.125,2.0,0.3
7.129419231198799,-73.12618883026005,1.5,1.9310376024024496,1.9,4.0,270.0,D,7.13,-73.125,2.0,0.3
7.132240922888216,-73.12612243324108,1.5,1.9255396166439607,1.9,4.0,270.0,D,7.13,-73.125,2.0,0.3
7.129983362169681,-73.12411950105557,1.5,1.879974171344869,1.9,4.0,270.0,D,7.13,-73.125,2.0,0.3
7.1280270695918215,-73.12468986023434,1.5,1.9336717241907604,1.9,4.0,270.0,D,7.13,-73.125,2.0,0.3
7.129273591659998,-73.12345616690884,1.5,1.8893804699088856,1.9,4.0,270.0,D,7.13,-73.125,2.0,0.3
7.127664461801198,-73.1241064660757,1.5,1.9208974562490884,1.9,4.0,270.0,D,7.13,-73.125,2.0,0.3
7.128391899857461,-73.1255090664768,1.5,1.9013597325210216,1.9,4.0,270.0,D,7.13,-73.125,2.0,0.3
7.127397374681265,-73.1232923630879,1.5,1.8917570124308605,1.9,4.0,270.0,D,7.13,-73.125,2.0,0.3
7.129747901716869,-73.12681099496231,1.5,1.8638460628045013,1.9,4.0,270.0,D,7.13,-73.125,2.0,0.3
7.130725969802823,-73.12759548271836,1.5,1.896568709795673,1.9,4.0,270.0,D,7.13,-73.125,2.0,0.3
7.129154417153642,-73.12722931197882,1.5,1.8688123352938877,1.9,4.0,270.0,D,7.13,-73.125,2.0,0.3
7.129570385641339,-73.1237908140574,1.5,1.9193459847168555,1.9,4.0,270.0,D,7.13,-73.125,2.0,0.3
7.132477860924244,-73.1252073109008,1.5,1.9303364351920744,1.9,4.0,270.0,D,7.13,-73.125,2.0,0.3
7.131359575274762,-73.12684199765854,1.5,1.884061780214066,1.9,4.0,270.0,D,7.13,-73.125,2.0,0.3
7.130220459538099,-73.12499431853276,1.5,1.9123378151168013,1.9,4.0,270.0,D,7.13,-73.125,2.0,0.3
7.128837397722775,-73.1268907202089,1.5,1.8854921695598403,1.9,4.0,270.0,D,7.13,-73.125,2.0,0.3
7.132142166791702,-73.12393241351374,1.5,1.887430305397264,1.9,4.0,270.0,D,7.13,-73.125,2.0,0.3
7.128570602682443,-73.12529280115497,1.5,1.9154898940773073,1.9,4.0,270.0,D,7.13,-73.125,2.0,0.3
7.129057561663537,-73.12564700432199,1.5,1.8992292347631317,1.9,4.0,270.0,D,7.13,-73.125,2.0,0.3
7.1322072849549905,-73.1260793735048,1.5,1.93479296083862,1.9,4.0,270.0,D,7.13,-73.125,2.0,0.3
7.1301594068516065,-73.12429152572292,1.5,1.8903553504259414,1.9,4.0,270.0,D,7.13,-73.125,2.0,0.3
7.131307530604481,-73.12575146040999,1.5,1.9199867266494897,1.9,4.0,270.0,D,7.13,-73.125,2.0,0.3
7.130489652524097,-73.12724235193913,1.5,1.9019482682591555,1.9,4.0,270.0,D,7.13,-73.125,2.0,0.3
7.130827947175144,-73.12707727667882,1.5,1.9159155601948845,1.9,4.0,270.0,D,7.13,-73.125,2.0,0.3
7.128917486357306,-73.122488209237,1.5,1.891056846853401,1.9,4.0,270.0,D,7.13,-73.125,2.0,0.3
7.12860446184276,-73.12277814593226,1.5,1.8990088232489684,1.9,4.0,270.0,D,7.13,-73.125,2.0,0.3
7.129042181195557,-73.1239139963838,1.5,1.8976900224140212,1.9,4.0,270.0,D,7.13,-73.125,2.0,0.3
7.1281407869244715,-73.126273194721,1.5,1.8832788577030841,1.9,4.0,270.0,D,7.13,-73.125,2.0,0.3
7.132019773976671,-73.12244862773449,1.5,1.9132416306916349,1.9,4.0,270.0,D,7.13,-73.125,2.0,0.3
7.128830415703536,-73.12348415785682,1.5,1.9130049801115672,1.9,4.0,270.0,D,7.13,-73.125,2.0,0.3
7.13033179244559,-73.12382055525384,1.5,1.9118710938981112,1.9,4.0,270.0,D,7.13,-73.125,2.0,0.3
7.131575473453432,-73.12527537119351,1.5,1.9307393130786668,1.9,4.0,270.0,D,7.13,-73.125,2.0,0.3
7.1315314949230535,-73.12623854607862,1.5,1.928986896024726,1.9,4.0,270.0,D,7.13,-73.125,2.0,0.3
7.12966753658674,-73.12719481831351,1.5,1.8925011062030173,1.9,4.0,270.0,D,7.13,-73.125,2.0,0.3
7.129871886107776,-73.12281065578284,1.5,1.9074610463686834,1.9,4.0,270.0,D,7.13,-73.125,2.0,0.3
7.132669375827819,-73.12524048769939,1.5,1.887528101983363,1.9,4.0,270.0,D,7.13,-73.125,2.0,0.3
7.130942115700317,-73.12661854239242,1.5,1.900467106322291,1.9,4.0,270.0,D,7.13,-73.125,2.0,0.3
7.131697766899691,-73.12605520420753,1.5,1.8880050110176225,1.9,4.0,270.0,D,7.13,-73.125,2.0,0.3
7.132172152892403,-73.12456920548254,1.5,1.9324014061827208,1.9,4.0,270.0,D,7.13,-73.125,2.0,0.3
7.131551814520182,-73.12675770349252,1.5,1.9072739630068591,1.9,4.0,270.0,D,7.13,-73.125,2.0,0.3
7.1283012498975635,-73.12306073826849,1.5,1.8956394174379114,1.9,4.0,270.0,D,7.13,-73.125,2.0,0.3
7.130335468904636,-73.12359417568668,1.5,1.9238723714371275,1.9,4.0,270.0,D,7.13,-73.125,2.0,0.3
7.127851848885383,-73.12380656459669,1.5,1.8565876918040918,1.9,4.0,270.0,D,7.13,-73.125,2.0,0.3
7.130825157034653,-73.12536927676524,1.5,1.8597179481026942,1.9,4.0,270.0,D,7.13,-73.125,2.0,0.3
7.132457033474072,-73.12430769693232,1.5,1.9159167731043953,1.9,4.0,270.0,D,7.13,-73.125,2.0,0.3
7.130068701323078,-73.12454267683577,1.5,1.9012093689623473,1.9,4.0,270.0,D,7.13,-73.125,2.0,0.3
7.12963832428787,-73.1241851370151,1.5,1.9050089260052152,1.9,4.0,270.0,D,7.13,-73.125,2.0,0.3
7.12749544014684,-73.12725978392137,1.5,1.873472077933629,1.9,4.0,270.0,D,7.13,-73.125,2.0,0.3
7.132480910970689,-73.12545783775448,1.5,1.8995353257829926,1.9,4.0,270.0,D,7.13,-73.125,2.0,0.3
7.127857830418079,-73.12749269345214,1.5,1.9400701882080267,1.9,4.0,270.0,D,7.13,-73.125,2.0,0.3
7.127523695079208,-73.12503267781129,1.5,1.9164839923959172,1.9,4.0,270.0,D,7.13,-73.125,2.0,0.3
7.128629793303573,-73.12592521150914,1.5,1.9033941309028561,1.9,4.0,270.0,D,7.13,-73.125,2.0,0.3
7.127655632792652,-73.1269330707371,1.5,1.8912189217979012,1.9,4.0,270.0,D,7.13,-73.125,2.0,0.3
7.129757819035764,-73.12715668715987,1.5,1.892108542962612,1.9,4.0,270.0,D,7.13,-73.125,2.0,0.3
7.130086808643574,-73.1245233904743,1.5,1.8574160422159995,1.9,4.0,270.0,D,7.13,-73.125,2.0,0.3
7.128988640633378,-73.12679130920634,1.5,1.905152808418423,1.9,4.0,270.0,D,7.13,-73.125,2.0,0.3
7.127577014360409,-73.12268820483744,1.5,1.916909662169637,1.9,4.0,270.0,D,7.13,-73.125,2.0,0.3
7.127904222916614,-73.12455919105558,1.5,1.8684876134565875,1.9,4.0,270.0,D,7.13,-73.125,2.0,0.3
7.129376793750424,-73.12583271910647,1.5,1.8867716621538635,1.9,4.0,270.0,D,7.13,-73.125,2.0,0.3
7.127628642443851,-73.124505603277,1.5,1.8768507073553315,1.9,4.0,270.0,D,7.13,-73.125,2.0,0.3
7.1310694178138725,-73.12759498352314,1.5,1.8806929761038247,1.9,4.0,270.0,D,7.13,-73.125,2.0,0.3
7.128419103457417,-73.12250636367207,1.5,1.901069632536438,1.9,4.0,270.0,D,7.13,-73.125,2.0,0.3
7.128931992112289,-73.12509623357518,1.5,1.8583119569002304,1.9,4.0,270.0,D,7.13,-73.125,2.0,0.3
7.129428710143438,-73.12346249118217,1.5,1.9122854087671413,1.9,4.0,270.0,D,7.13,-73.125,2.0,0.3
7.129550031447762,-73.12726910636773,1.5,1.9150771013986736,1.9,4.0,270.0,D,7.13,-73.125,2.0,0.3
7.127310996244002,-73.12507255174454,1.5,1.8949779482392617,1.9,4.0,270.0,D,7.13,-73.125,2.0,0.3
7.127906759018378,-73.12505053518892,1.5,1.850385829800309,1.9,4.0,270.0,D,7.13,-73.125,2.0,0.3
7.131957452060203,-73.12261910801936,1.5,1.880071627479952,1.9,4.0,270.0,D,7.13,-73.125,2.0,0.3
7.127308688700794,-73.12460994420792,1.5,1.9246580386820538,1.9,4.0,270.0,D,7.13,-73.125,2.0,0.3
7.1300440704772745,-73.1251441641356,1.5,1.8444401143854285,1.9,4.0,270.0,D,7.13,-73.125,2.0,0.3
7.129943353565799,-73.12626718193644,1.5,1.8930495317561296,1.9,4.0,270.0,D,7.13,-73.125,2.0,0.3
7.129099387837057,-73.12591592460657,1.5,1.8763999844306547,1.9,4.0,270.0,D,7.13,-73.125,2.0,0.3
7.129629445432849,-73.12488758386638,1.5,1.9160914060316967,1.9,4.0,270.0,D,7.13,-73.125,2.0,0.3
7.131513996075145,-73.12533219832336,1.5,1.8864977209571308,1.9,4.0,270.0,D,7.13,-73.125,2.0,0.3
7.131841111190112,-73.12760146446087,1.5,1.908079080414712,1.9,4.0,270.0,D,7.13,-73.125,2.0,0.3
7.128706857603221,-73.12322563068807,1.5,1.9113092083833818,1.9,4.0,270.0,D,7.13,-73.125,2.0,0.3
7.129042170909831,-73.12284568521615,1.5,1.9367245167946003,1.9,4.0,270.0,D,7.13,-73.125,2.0,0.3
7.128610455595003,-73.1269563186493,1.5,1.8959411611264925,1.9,4.0,270.0,D,7.13,-73.125,2.0,0.3
7.129891344326275,-73.12470615247354,1.5,1.907520887392452,1.9,4.0,270.0,D,7.13,-73.125,2.0,0.3
7.130988849203046,-73.12712855771589,1.5,1.8702988904174511,1.9,4.0,270.0,D,7.13,-73.125,2.0,0.3
7.1285336716373475,-73.12406336163198,1.5,1.9238082712658748,1.9,4.0,270.0,D,7.13,-73.125,2.0,0.3
7.129086661974321,-73.1261896465455,1.5,1.8847898230385727,1.9,4.0,270.0,D,7.13,-73.125,2.0,0.3
7.1323223251127175,-73.12413306272803,1.5,1.888784916718245,1.9,4.0,270.0,D,7.13,-73.125,2.0,0.3
7.127564111652704,-73.12376560758112,1.5,1.8995550441030158,1.9,4.0,270.0,D,7.13,-73.125,2.0,0.3
7.129788315550299,-73.12353910002044,1.5,1.8687423130932028,1.9,4.0,270.0,D,7.13,-73.125,2.0,0.3
7.131141552306283,-73.12713309731629,1.5,1.9045754005785787,1.9,4.0,270.0,D,7.13,-73.125,2.0,0.3
7.128113874441988,-73.12273773545503,1.5,1.9193493254585001,1.9,4.0,270.0,D,7.13,-73.125,2.0,0.3
7.127557662060744,-73.1264670912145,1.5,1.9058586764699457,1.9,4.0,270.0,D,7.13,-73.125,2.0,0.3
7.128047781642855,-73.12751554176964,1.5,1.8682220487164254,1.9,4.0,270.0,D,7.13,-73.125,2.0,0.3
7.132259940482012,-73.124701713309,1.5,1.8975238141815491,1.9,4.0,270.0,D,7.13,-73.125,2.0,0.3
7.12735200031339,-73.12570192217885,1.5,1.9148405780595896,1.9,4.0,270.0,D,7.13,-73.125,2.0,0.3
7.128318207307147,-73.12320660961484,1.5,1.8624402246806817,1.9,4.0,270.0,D,7.13,-73.125,2.0,0.3
7.127470838816612,-73.12332373432551,1.5,1.8785046797236455,1.9,4.0,270.0,D,7.13,-73.125,2.0,0.3
7.1278989840048235,-73.125994395242,1.5,1.9175308720816302,1.9,4.0,270.0,D,7.13,-73.125,2.0,0.3
7.130648317096403,-73.12253714165624,1.5,1.9054019086839455,1.9,4.0,270.0,D,7.13,-73.125,2.0,0.3
7.128605901731002,-73.1261369848414,1.5,1.908239431642535,1.9,4.0,270.0,D,7.13,-73.125,2.0,0.3
7.130373463354053,-73.12491811961604,1.5,1.9371899107714698,1.9,4.0,270.0,D,7.13,-73.125,2.0,0.3
7.130486687938854,-73.12632705722156,1.5,1.909371055570124,1.9,4.0,270.0,D,7.13,-73.125,2.0,0.3
7.131885528469514,-73.12262880331387,1.5,1.9131577602086636,1.9,4.0,270.0,D,7.13,-73.125,2.0,0.3
7.12732761940477,-73.12682385634402,1.5,1.9542149105443665,1.9,4.0,270.0,D,7.13,-73.125,2.0,0.3
7.13190675673795,-73.1274747674437,1.5,1.89572390883819,1.9,4.0,270.0,D,7.13,-73.125,2.0,0.3
7.130642758208606,-73.12535294096006,1.5,1.88404234472763,1.9,4.0,270.0,D,7.13,-73.125,2.0,0.3
7.128180187581904,-73.12232247099598,1.5,1.9085559279649427,1.9,4.0,270.0,D,7.13,-73.125,2.0,0.3
7.1314727509412785,-73.12287006643471,1.5,1.9087798205877777,1.9,4.0,270.0,D,7.13,-73.125,2.0,0.3
7.131918207345522,-73.12364807429263,1.5,1.8894656921610757,1.9,4.0,270.0,D,7.13,-73.125,2.0,0.3
7.128674023049461,-73.12287487782648,1.5,1.879352059608903,1.9,4.0,270.0,D,7.13,-73.125,2.0,0.3
7.132259781233948,-73.1228604446154,1.5,1.9461968884418015,1.9,4.0,270.0,D,7.13,-73.125,2.0,0.3
7.129754255498471,-73.12489744859293,1.5,1.9065368694077605,1.9,4.0,270.0,D,7.13,-73.125,2.0,0.3
7.130558071078174,-73.12600097433443,1.5,1.8853542923719584,1.9,4.0,270.0,D,7.13,-73.125,2.0,0.3
7.132615134781284,-73.12352080153931,1.5,1.918318606045592,1.9,4.0,270.0,D,7.13,-73.125,2.0,0.3
7.12925285842328,-73.12412088910872,1.5,1.8978170969687733,1.9,4.0,270.0,D,7.13,-73.125,2.0,0.3
7.131689785794748,-73.12568704688061,1.5,1.8949423710736433,1.9,4.0,270.0,D,7.13,-73.125,2.0,0.3
7.129020094418055,-73.12720528258839,1.5,1.9112454574382898,1.9,4.0,270.0,D,7.13,-73.125,2.0,0.3
7.131614535112009,-73.12365796276153,1.5,1.874162354635366,1.9,4.0,270.0,D,7.13,-73.125,2.0,0.3
7.130543553138092,-73.12629173522133,1.5,1.9070525440783435,1.9,4.0,270.0,D,7.13,-73.125,2.0,0.3
7.128469475289922,-73.12262461834975,1.5,1.9382590961546349,1.9,4.0,270.0,D,7.13,-73.125,2.0,0.3
7.129536090851596,-73.12640859711355,1.5,1.909323553243946,1.9,4.0,270.0,D,7.13,-73.125,2.0,0.3
7.129015974715001,-73.12705143522798,1.5,1.8924757579243305,1.9,4.0,270.0,D,7.13,-73.125,2.0,0.3
7.127723502575249,-73.12319941555201,1.5,1.889857894391435,1.9,4.0,270.0,D,7.13,-73.125,2.0,0.3
7.127463021502393,-73.12688543332804,1.5,1.8917932005330977,1.9,4.0,270.0,D,7.13,-73.125,2.0,0.3
7.1291716096270275,-73.12674413287358,1.5,1.8949207464390443,1.9,4.0,270.0,D,7.13,-73.125,2.0,0.3
7.127404742104539,-73.12445955825955,1.5,1.8924438693448344,1.9,4.0,270.0,D,7.13,-73.125,2.0,0.3
7.128194995477694,-73.1229631387068,1.5,1.9183262288214913,1.9,4.0,270.0,D,7.13,-73.125,2.0,0.3
7.131215073354403,-73.12665078254588,1.5,1.8653358179358202,1.9,4.0,270.0,D,7.13,-73.125,2.0,0.3
7.131122845665516,-73.12603145627902,1.5,1.9172400010082427,1.9,4.0,270.0,D,7.13,-73.125,2.0,0.3
7.131287362977737,-73.12349147773678,1.5,1.8924062694971486,1.9,4.0,270.0,D,7.13,-73.125,2.0,0.3
7.129013371377341,-73.12243421681971,1.5,1.9075389557139073,1.9,4.0,270.0,D,7.13,-73.125,2.0,0.3
7.132104517547088,-73.12499596944345,1.5,1.8781449293198151,1.9,4.0,270.0,D,7.13,-73.125,2.0,0.3
7.130506303034823,-73.12693647864542,1.5,1.9265726213369887,1.9,4.0,270.0,D,7.13,-73.125,2.0,0.3
7.12798206445453,-73.12764320527351,1.5,1.9249126992034373,1.9,4.0,270.0,D,7.13,-73.125,2.0,0.3
7.128077530966768,-73.12647012539529,1.5,1.9191918105150014,1.9,4.0,270.0,D,7.13,-73.125,2.0,0.3
7.131041929336652,-73.12700214381557,1.5,1.8697049044841292,1.9,4.0,270.0,D,7.13,-73.125,2.0,0.3
7.128235228494174,-73.12403389549333,1.5,1.916582421421321,1.9,4.0,270.0,D,7.13,-73.125,2.0,0.3
7.130039350904589,-73.12705646768677,1.5,1.9080971017527142,1.9,4.0,270.0,D,7.13,-73.125,2.0,0.3
7.132653580468652,-73.12496557795158,1.5,1.8683291546442768,1.9,4.0,270.0,D,7.13,-73.125,2.0,0.3
7.127323659935392,-73.12394360454947,1.5,1.8995140523245837,1.9,4.0,270.0,D,7.13,-73.125,2.0,0.3
7.127391498626654,-73.12455888941338,1.5,1.9072906897806652,1.9,4.0,270.0,D,7.13,-73.125,2.0,0.3
7.132660649708453,-73.1266326143275,1.5,1.911121505476463,1.9,4.0,270.0,D,7.13,-73.125,2.0,0.3
7.13045670519342,-73.12334617657916,1.5,1.903545227338977,1.9,4.0,270.0,D,7.13,-73.125,2.0,0.3
7.127986832480186,-73.1238286201036,1.5,1.9058246283369475,1.9,4.0,270.0,D,7.13,-73.125,2.0,0.3
7.132143814713907,-73.12370040950711,1.5,1.9294722278450618,1.9,4.0,270.0,D,7.13,-73.125,2.0,0.3
7.132052505334224,-73.12700630096846,1.5,1.9245206781982136,1.9,4.0,270.0,D,7.13,-73.125,2.0,0.3
7.130195334881925,-73.12704601969902,1.5,1.842658900924345,1.9,4.0,270.0,D,7.13,-73.125,2.0,0.3
7.130657181223294,-73.122674922935,1.5,1.8936512289032463,1.9,4.0,270.0,D,7.13,-73.125,2.0,0.3
7.128776134044906,-73.12555696784466,1.5,1.896706979449121,1.9,4.0,270.0,D,7.13,-73.125,2.0,0.3
7.127574635909075,-73.12608243724902,1.5,1.8649580285454606,1.9,4.0,270.0,D,7.13,-73.125,2.0,0.3
7.1305102801633735,-73.12506207974545,1.5,1.9019089364916648,1.9,4.0,270.0,D,7.13,-73.125,2.0,0.3
7.128892513464468,-73.12411434749158,1.5,1.92497515544821,1.9,4.0,270.0,D,7.13,-73.125,2.0,0.3
7.130882887654668,-73.12252232934632,1.5,1.878268642808188,1.9,4.0,270.0,D,7.13,-73.125,2.0,0.3
7.131814355314523,-73.12616130137883,1.5,1.9067280187737974,1.9,4.0,270.0,D,7.13,-73.125,2.0,0.3
7.127400028199348,-73.12268989979668,1.5,1.881683530454071,1.9,4.0,270.0,D,7.13,-73.125,2.0,0.3
7.130516464793353,-73.12758380509852,1.5,1.8865617595264064,1.9,4.0,270.0,D,7.13,-73.125,2.0,0.3
7.128550008700457,-73.1246998340899,1.5,1.9295478726834006,1.9,4.0,270.0,D,7.13,-73.125,2.0,0.3
7.132017476026216,-73.12427144587683,1.5,1.8891488435977635,1.9,4.0,270.0,D,7.13,-73.125,2.0,0.3
7.128670791010678,-73.12714312246392,1.5,1.9092442497802125,1.9,4.0,270.0,D,7.13,-73.125,2.0,0.3
7.130597707844655,-73.12695582646816,1.5,1.86257563767878,1.9,4.0,270.0,D,7.13,-73.125,2.0,0.3
7.130288902605749,-73.1254398548016,1.5,1.9372463512278975,1.9,4.0,270.0,D,7.13,-73.125,2.0,0.3
7.1294397217405105,-73.12246463968057,1.5,1.9120530489261298,1.9,4.0,270.0,D,7.13,-73.125,2.0,0.3
7.130958429142191,-73.12447772241217,1.5,1.8963500031469946,1.9,4.0,270.0,D,7.13,-73.125,2.0,0.3
7.13121823706276,-73.1226452279116,1.5,1.9115109301999977,1.9,4.0,270.0,D,7.13,-73.125,2.0,0.3
7.1303611916335,-73.1233448910979,1.5,1.8718036114210437,1.9,4.0,270.0,D,7.13,-73.125,2.0,0.3
7.1313944282081,-73.12517737823376,1.5,1.9236506419258783,1.9,4.0,270.0,D,7.13,-73.125,2.0,0.3
7.132608484526663,-73.12345146174928,1.5,1.8935203044900712,1.9,4.0,270.0,D,7.13,-73.125,2.0,0.3
7.12956439948547,-73.12762199444859,1.5,1.8959186096990313,1.9,4.0,270.0,D,7.13,-73.125,2.0,0.3
7.130078689121845,-73.12712546755252,1.5,1.8901668877006903,1.9,4.0,270.0,D,7.13,-73.125,2.0,0.3
7.127369321766178,-73.12320857342343,1.5,1.8883869719450883,1.9,4.0,270.0,D,7.13,-73.125,2.0,0.3
7.131597349259953,-73.12338591428801,1.5,1.9138934122325681,1.9,4.0,270.0,D,7.13,-73.125,2.0,0.3
7.130109160018302,-73.12645389458807,1.5,1.9051181370020844,1.9,4.0,270.0,D,7.13,-73.125,2.0,0.3
7.129503366354473,-73.12483267554833,1.5,1.9130349628280607,1.9,4.0,270.0,D,7.13,-73.125,2.0,0.3
7.127809640875749,-73.12442348797234,1.5,1.8998241062102885,1.9,4.0,270.0,D,7.13,-73.125,2.0,0.3
7.1321025586333855,-73.12300024252518,1.5,1.9102639962215435,1.9,4.0,270.0,D,7.13,-73.125,2.0,0.3
7.12943346645502,-73.12443930522868,1.5,1.8916230251214992,1.9,4.0,270.0,D,7.13,-73.125,2.0,0.3
7.130985197456676,-73.12547543415258,1.5,1.9445946368281908,1.9,4.0,270.0,D,7.13,-73.125,2.0,0.3
7.12810804761937,-73.12568418479214,1.5,1.86864139167139,1.9,4.0,270.0,D,7.13,-73.125,2.0,0.3
7.1324904893243,-73.12540305181236,1.5,1.9252187464712631,1.9,4.0,270.0,D,7.13,-73.125,2.0,0.3
7.128264894373071,-73.12417380195669,1.5,1.9273581490144194,1.9,4.0,270.0,D,7.13,-73.125,2.0,0.3
7.128378749735259,-73.12300159289565,1.5,1.882956823880688,1.9,4.0,270.0,D,7.13,-73.125,2.0,0.3
7.131937046255924,-73.12525070788323,1.5,1.9445854729479632,1.9,4.0,270.0,D,7.13,-73.125,2.0,0.3
7.1322262674562165,-73.12637124368703,1.5,1.9199098056589063,1.9,4.0,270.0,D,7.13,-73.125,2.0,0.3
7.128446767665595,-73.12643202508897,1.5,1.919422780136458,1.9,4.0,270.0,D,7.13,-73.125,2.0,0.3
7.129837047717536,-73.1236621789974,1.5,1.9005604437405175,1.9,4.0,270.0,D,7.13,-73.125,2.0,0.3
7.131259922075271,-73.12327850505243,1.5,1.8956554768356264,1.9,4.0,270.0,D,7.13,-73.125,2.0,0.3
7.132041634876132,-73.12714649033556,1.5,1.8958118234592078,1.9,4.0,270.0,D,7.13,-73.125,2.0,0.3
7.129347376852817,-73.12735704473731,1.5,1.9078106119263902,1.9,4.0,270.0,D,7.13,-73.125,2.0,0.3
7.130091835953472,-73.12448647152272,1.5,1.9280237255006778,1.9,4.0,270.0,D,7.13,-73.125,2.0,0.3
7.131304284742913,-73.12692410320543,1.5,1.9036262843572282,1.9,4.0,270.0,D,7.13,-73.125,2.0,0.3
7.131247193466254,-73.12323448227335,1.5,1.8817711275372542,1.9,4.0,270.0,D,7.13,-73.125,2.0,0.3
7.131526832951276,-73.12603139645567,1.5,1.9164885412476995,1.9,4.0,270.0,D,7.13,-73.125,2.0,0.3
7.130377357964532,-73.12693661769231,1.5,1.9184230149278958,1.9,4.0,270.0,D,7.13,-73.125,2.0,0.3
7.127866530883415,-73.1227107705333,1.5,1.9130931905689557,1.9,4.0,270.0,D,7.13,-73.125,2.0,0.3
7.132179811452204,-73.12681883216527,1.5,1.9149099781304995,1.9,4.0,270.0,D,7.13,-73.125,2.0,0.3
7.131972603698852,-73.12617068812021,1.5,1.8945814373968437,1.9,4.0,270.0,D,7.13,-73.125,2.0,0.3
7.131608512788202,-73.12688364380502,1.5,1.8814202166573883,1.9,4.0,270.0,D,7.13,-73.125,2.0,0.3
7.127840886082231,-73.12709095776076,1.5,1.8826361313871842,1.9,4.0,270.0,D,7.13,-73.125,2.0,0.3
7.128404948992699,-73.12760398802965,1.5,1.8672907350308428,1.9,4.0,270.0,D,7.13,-73.125,2.0,0.3
7.131314450429306,-73.12741775135524,1.5,1.904738972230919,1.9,4.0,270.0,D,7.13,-73.125,2.0,0.3
7.127426897504367,-73.12676929352688,1.5,1.898331024335468,1.9,4.0,270.0,D,7.13,-73.125,2.0,0.3
7.132585862403088,-73.12742870060256,1.5,1.8912002459094057,1.9,4.0,270.0,D,7.13,-73.125,2.0,0.3
7.129337081339851,-73.12450436165199,1.5,1.8408876235130984,1.9,4.0,270.0,D,7.13,-73.125,2.0,0.3
7.131183394999981,-73.1240172778215,1.5,1.8750536506061166,1.9,4.0,270.0,D,7.13,-73.125,2.0,0.3
7.13209130632224,-73.12557843556375,1.5,1.9224168130280632,1.9,4.0,270.0,D,7.13,-73.125,2.0,0.3
7.129431430290771,-73.12598976097206,1.5,1.8867074799987373,1.9,4.0,270.0,D,7.13,-73.125,2.0,0.3
7.129024051635134,-73.12497538640869,1.5,1.9072118335531367,1.9,4.0,270.0,D,7.13,-73.125,2.0,0.3
7.130586759480021,-73.12296073021737,1.5,1.8721862914004948,1.9,4.0,270.0,D,7.13,-73.125,2.0,0.3
7.130437012961969,-73.12309055285502,1.5,1.9287741096471844,1.9,4.0,270.0,D,7.13,-73.125,2.0,0.3
7.129509725712582,-73.12748257397757,1.5,1.8971194467989063,1.9,4.0,270.0,D,7.13,-73.125,2.0,0.3
7.130549169421333,-73.12673200562413,1.5,1.9058008079296707,1.9,4.0,270.0,D,7.13,-73.125,2.0,0.3
7.132349287234794,-73.12643157641145,1.5,1.9465155958376337,1.9,4.0,270.0,D,7.13,-73.125,2.0,0.3
7.129825389101733,-73.12636282562227,1.5,1.930328802011788,1.9,4.0,270.0,D,7.13,-73.125,2.0,0.3
7.128363642145912,-73.12461263818719,1.5,1.8938686875742587,1.9,4.0,270.0,D,7.13,-73.125,2.0,0.3
7.1293374121239745,-73.12545536334513,1.5,1.8881355963025928,1.9,4.0,270.0,D,7.13,-73.125,2.0,0.3
7.129428608729181,-73.12745114756994,1.5,1.8934890997696092,1.9,4.0,270.0,D,7.13,-73.125,2.0,0.3
7.128009488464417,-73.12568728392446,1.5,1.9101979649695306,1.9,4.0,270.0,D,7.13,-73.125,2.0,0.3
7.128180878338866,-73.12487083191417,1.5,1.8978955173149825,1.9,4.0,270.0,D,7.13,-73.125,2.0,0.3
7.1309958839614165,-73.1271661006576,1.5,1.8920951170999305,1.9,4.0,270.0,D,7.13,-73.125,2.0,0.3
7.129133833256777,-73.12318665869189,1.5,1.9293436250141807,1.9,4.0,270.0,D,7.13,-73.125,2.0,0.3
7.132454599713761,-73.12743642289549,1.5,1.8977158021644431,1.9,4.0,270.0,D,7.13,-73.125,2.0,0.3
7.128616466079639,-73.1226897179522,1.5,1.9459917818607464,1.9,4.0,270.0,D,7.13,-73.125,2.0,0.3
7.127835824851017,-73.12718001515329,1.5,1.9018148512750435,1.9,4.0,270.0,D,7.13,-73.125,2.0,0.3
7.1313678927842306,-73.12313164591195,1.5,1.9357063678844946,1.9,4.0,270.0,D,7.13,-73.125,2.0,0.3
7.1320560437247424,-73.12281037981954,1.5,1.9071463884542124,1.9,4.0,270.0,D,7.13,-73.125,2.0,0.3
7.128802715286619,-73.12239210371008,1.5,1.919259211464989,1.9,4.0,270.0,D,7.13,-73.125,2.0,0.3
7.128392488358897,-73.1233575889759,1.5,1.8855077789696455,1.9,4.0,270.0,D,7.13,-73.125,2.0,0.3
7.128304416174669,-73.12348020641963,1.5,1.8829248155482516,1.9,4.0,270.0,D,7.13,-73.125,2.0,0.3
7.130118776829289,-73.12422517864022,1.5,1.9091941191002997,1.9,4.0,270.0,D,7.13,-73.125,2.0,0.3
7.129829578418514,-73.12348282310104,1.5,1.9197710648493063,1.9,4.0,270.0,D,7.13,-73.125,2.0,0.3
7.1287019543027474,-73.12698729817818,1.5,1.900805130040009,1.9,4.0,270.0,D,7.13,-73.125,2.0,0.3
7.127545786142935,-73.12480386270275,1.5,1.8742721332983259,1.9,4.0,270.0,D,7.13,-73.125,2.0,0.3
7.129900128574753,-73.12492265630092,1.5,1.8727948326742134,1.9,4.0,270.0,D,7.13,-73.125,2.0,0.3
7.132478525027157,-73.12305552944376,1.5,1.871457271956275,1.9,4.0,270.0,D,7.13,-73.125,2.0,0.3
7.130822982875326,-73.12520229634625,1.5,1.8646475577412147,1.9,4.0,270.0,D,7.13,-73.125,2.0,0.3
7.129975753695747,-73.12562488114666,1.5,1.9021897071889418,1.9,4.0,270.0,D,7.13,-73.125,2.0,0.3
7.127899321824916,-73.12424105757086,1.5,1.9225008784341604,1.9,4.0,270.0,D,7.13,-73.125,2.0,0.3
7.128664163643499,-73.12626996806206,1.5,1.8997316842615037,1.9,4.0,270.0,D,7.13,-73.125,2.0,0.3
7.12889261467253,-73.12695893256743,1.5,1.854791704853243,1.9,4.0,270.0,D,7.13,-73.125,2.0,0.3
7.131428861337103,-73.1251203029654,1.5,1.8961943146742186,1.9,4.0,270.0,D,7.13,-73.125,2.0,0.3
7.132032704954978,-73.12545195404154,1.5,1.8967440200673478,1.9,4.0,270.0,D,7.13,-73.125,2.0,0.3
7.132167231180521,-73.12645427960494,1.5,1.9419199750045086,1.9,4.0,270.0,D,7.13,-73.125,2.0,0.3
7.1326146981136995,-73.12572046827057,1.5,1.8708572417416087,1.9,4.0,270.0,D,7.13,-73.125,2.0,0.3
7.1326028166805475,-73.12572655533064,1.5,1.892186447948016,1.9,4.0,270.0,D,7.13,-73.125,2.0,0.3
7.132444351445364,-73.12593807585779,1.5,1.9341170536108911,1.9,4.0,270.0,D,7.13,-73.125,2.0,0.3
7.127689582398669,-73.1256554720545,1.5,1.9089995668269308,1.9,4.0,270.0,D,7.13,-73.125,2.0,0.3
7.128045559406338,-73.12398993120075,1.5,1.9112662614703284,1.9,4.0,270.0,D,7.13,-73.125,2.0,0.3
7.128944915135477,-73.12610458188918,1.5,1.9022916887404775,1.9,4.0,270.0,D,7.13,-73.125,2.0,0.3
7.1302854352567735,-73.1225591190847,1.5,1.9065988707731452,1.9,4.0,270.0,D,7.13,-73.125,2.0,0.3
7.127825321045899,-73.122735907345,1.5,1.9155521906055706,1.9,4.0,270.0,D,7.13,-73.125,2.0,0.3
7.131865896052474,-73.12510380872982,1.5,1.8838759531520384,1.9,4.0,270.0,D,7.13,-73.125,2.0,0.3
7.130630008126812,-73.12593336852062,1.5,1.917561171578164,1.9,4.0,270.0,D,7.13,-73.125,2.0,0.3
7.1302285953338735,-73.12480730628316,1.5,1.872539939662289,1.9,4.0,270.0,D,7.13,-73.125,2.0,0.3
7.128194043451087,-73.1231045346551,1.5,1.9065673594566306,1.9,4.0,270.0,D,7.13,-73.125,2.0,0.3
7.1286685839019155,-73.12417023292824,1.5,1.9035748192657265,1.9,4.0,270.0,D,7.13,-73.125,2.0,0.3
7.128167067588774,-73.12334472299722,1.5,1.8876741382361577,1.9,4.0,270.0,D,7.13,-73.125,2.0,0.3
7.131899006555864,-73.1248220568817,1.5,1.8995469003938785,1.9,4.0,270.0,D,7.13,-73.125,2.0,0.3
7.13045448760624,-73.12427719644619,1.5,1.8875491969466889,1.9,4.0,270.0,D,7.13,-73.125,2.0,0.3
7.131268741846134,-73.12615200576302,1.5,1.878565973462765,1.9,4.0,270.0,D,7.13,-73.125,2.0,0.3
7.128899407680305,-73.12372265542638,1.5,1.8929277051677271,1.9,4.0,270.0,D,7.13,-73.125,2.0,0.3
7.12930528828897,-73.12661831819355,1.5,1.8779202272925666,1.9,4.0,270.0,D,7.13,-73.125,2.0,0.3
7.129486604082877,-73.1239406914601,1.5,1.906455949281865,1.9,4.0,270.0,D,7.13,-73.125,2.0,0.3
7.13140302249171,-73.12303841652947,1.5,1.8769982901169526,1.9,4.0,270.0,D,7.13,-73.125,2.0,0.3
7.131469597557514,-73.12700061781196,1.5,1.914239540459821,1.9,4.0,270.0,D,7.13,-73.125,2.0,0.3
7.128417986424382,-73.12437800513443,1.5,1.8763704186414234,1.9,4.0,270.0,D,7.13,-73.125,2.0,0.3
7.1323825126023035,-73.12720186166233,1.5,1.8886741016883797,1.9,4.0,270.0,D,7.13,-73.125,2.0,0.3
7.127953082893239,-73.12377256268289,1.5,1.8875079318356964,1.9,4.0,270.0,D,7.13,-73.125,2.0,0.3
7.132137446883831,-73.1272595180167,1.5,1.9265029345774967,1.9,4.0,270.0,D,7.13,-73.125,2.0,0.3
7.127843763021882,-73.12262936748999,1.5,1.9066057989123317,1.9,4.0,270.0,D,7.13,-73.125,2.0,0.3
7.128729473389008,-73.126971768818,1.5,1.8957653239491121,1.9,4.0,270.0,D,7.13,-73.125,2.0,0.3
7.131869573800838,-73.1225046179025,1.5,1.9099743888213945,1.9,4.0,270.0,D,7.13,-73.125,2.0,0.3
7.128270561774755,-73.1233637975417,1.5,1.8578561530534061,1.9,4.0,270.0,D,7.13,-73.125,2.0,0.3
7.129533618639097,-73.12449055903171,1.5,1.8991373282071817,1.9,4.0,270.0,D,7.13,-73.125,2.0,0.3
7.129729444310623,-73.12346309546488,1.5,1.9399502835560951,1.9,4.0,270.0,D,7.13,-73.125,2.0,0.3
7.128625435343155,-73.12339517108772,1.5,1.9026469301280533,1.9,4.0,270.0,D,7.13,-73.125,2.0,0.3
7.131134468312613,-73.12257451326903,1.5,1.9013582633833865,1.9,4.0,270.0,D,7.13,-73.125,2.0,0.3
7.131895777046692,-73.12634109665706,1.5,1.9109625675928439,1.9,4.0,270.0,D,7.13,-73.125,2.0,0.3
7.132021181097873,-73.12451016898483,1.5,1.9179121048662868,1.9,4.0,270.0,D,7.13,-73.125,2.0,0.3
7.12913299360441,-73.12720211480398,1.5,1.8600506661422027,1.9,4.0,270.0,D,7.13,-73.125,2.0,0.3
7.130166466556805,-73.12436829312055,1.5,1.8663534703641793,1.9,4.0,270.0,D,7.13,-73.125,2.0,0.3
7.128642418658513,-73.1267875116708,1.5,1.904205825821723,1.9,4.0,270.0,D,7.13,-73.125,2.0,0.3
7.1286229398796275,-73.12464679980336,1.5,1.8857024687620496,1.9,4.0,270.0,D,7.13,-73.125,2.0,0.3
7.128172150758833,-73.12460612423472,1.5,1.9262405052443983,1.9,4.0,270.0,D,7.13,-73.125,2.0,0.3
7.132374311620605,-73.1251849720947,1.5,1.8936983354392913,1.9,4.0,270.0,D,7.13,-73.125,2.0,0.3
7.132093560418521,-73.12487692883285,1.5,1.8613432596267043,1.9,4.0,270.0,D,7.13,-73.125,2.0,0.3
7.131496608100912,-73.12356478959727,1.5,1.8746397216631199,1.9,4.0,270.0,D,7.13,-73.125,2.0,0.3
7.130095300326125,-73.12337271289184,1.5,1.8450064796073884,1.9,4.0,270.0,D,7.13,-73.125,2.0,0.3
7.129949320972971,-73.12504267066528,1.5,1.8953174892543416,1.9,4.0,270.0,D,7.13,-73.125,2.0,0.3
7.130160505521682,-73.12445841274882,1.5,1.8962323174547122,1.9,4.0,270.0,D,7.13,-73.125,2.0,0.3
7.130197318428173,-73.12265494550718,1.5,1.8915107458043618,1.9,4.0,270.0,D,7.13,-73.125,2.0,0.3
7.129646907009463,-73.12706788155296,1.5,1.9215775807805946,1.9,4.0,270.0,D,7.13,-73.125,2.0,0.3
7.128012974989668,-73.12708218356612,1.5,1.9239703967303339,1.9,4.0,270.0,D,7.13,-73.125,2.0,0.3
7.12798010849005,-73.12724203059472,1.5,1.8965922315328776,1.9,4.0,270.0,D,7.13,-73.125,2.0,0.3
7.132440307644384,-73.12414154244195,1.5,1.8573061266504627,1.9,4.0,270.0,D,7.13,-73.125,2.0,0.3
7.129903039243124,-73.12544260652078,1.5,1.912345631609845,1.9,4.0,270.0,D,7.13,-73.125,2.0,0.3
7.132445465122814,-73.12350824532783,1.5,1.9111072045701714,1.9,4.0,270.0,D,7.13,-73.125,2.0,0.3
7.128184684504364,-73.12406884681329,1.5,1.9061878314031389,1.9,4.0,270.0,D,7.13,-73.125,2.0,0.3
7.1302936278858144,-73.12590467472346,1.5,1.9196295949861621,1.9,4.0,270.0,D,7.13,-73.125,2.0,0.3
7.128422862865411,-73.12283369025057,1.5,1.8767034380707792,1.9,4.0,270.0,D,7.13,-73.125,2.0,0.3
7.128668201501697,-73.12357235515005,1.5,1.9401751077237026,1.9,4.0,270.0,D,7.13,-73.125,2.0,0.3
7.127464207574464,-73.12624782665098,1.5,1.8808114449371625,1.9,4.0,270.0,D,7.13,-73.125,2.0,0.3
7.127943898876909,-73.12573852123853,1.5,1.914984458544017,1.9,4.0,270.0,D,7.13,-73.125,2.0,0.3
7.132249284676242,-73.12600907187777,1.5,1.8662530461117328,1.9,4.0,270.0,D,7.13,-73.125,2.0,0.3
7.129037004579778,-73.12686190137848,1.5,1.8813947062545988,1.9,4.0,270.0,D,7.13,-73.125,2.0,0.3
7.130583457619035,-73.12691534735791,1.5,1.9303273729345067,1.9,4.0,270.0,D,7.13,-73.125,2.0,0.3
7.129811218717976,-73.12262834710354,1.5,1.894782003539983,1.9,4.0,270.0,D,7.13,-73.125,2.0,0.3
7.129462841924041,-73.12533767667117,1.5,1.9167984521026558,1.9,4.0,270.0,D,7.13,-73.125,2.0,0.3
7.1301720551052545,-73.12563450459672,1.5,1.904739107774385,1.9,4.0,270.0,D,7.13,-73.125,2.0,0.3
7.128312363352416,-73.12375097346073,1.5,1.8979008368799966,1.9,4.0,270.0,D,7.13,-73.125,2.0,0.3
7.132636472256048,-73.12471182471353,1.5,1.9272770089851317,1.9,4.0,270.0,D,7.13,-73.125,2.0,0.3
7.131717566861956,-73.12262827900119,1.5,1.8952668235069619,1.9,4.0,270.0,D,7.13,-73.125,2.0,0.3
7.131303735557129,-73.12347572577805,1.5,1.8643852378487304,1.9,4.0,270.0,D,7.13,-73.125,2.0,0.3
7.129831427364923,-73.12511218792007,1.5,1.8839351981609658,1.9,4.0,270.0,D,7.13,-73.125,2.0,0.3
7.128126949376117,-73.12567235484454,1.5,1.9110238345740338,1.9,4.0,270.0,D,7.13,-73.125,2.0,0.3
7.132269883371307,-73.12235370686336,1.5,1.9079101821272502,1.9,4.0,270.0,D,7.13,-73.125,2.0,0.3
7.1291441357763095,-73.12381582395557,1.5,1.868658834995291,1.9,4.0,270.0,D,7.13,-73.125,2.0,0.3
7.1275724073541165,-73.12254641197327,1.5,1.8855131496118358,1.9,4.0,270.0,D,7.13,-73.125,2.0,0.3
7.129149621329255,-73.1270747062806,1.5,1.888365573015955,1.9,4.0,270.0,D,7.13,-73.125,2.0,0.3
7.131588869417238,-73.12309380448293,1.5,1.8926906081177155,1.9,4.0,270.0,D,7.13,-73.125,2.0,0.3
7.130662127753618,-73.12425459481162,1.5,1.8724817282279689,1.9,4.0,270.0,D,7.13,-73.125,2.0,0.3
7.131353507353155,-73.12705598276183,1.5,1.8874325778376104,1.9,4.0,270.0,D,7.13,-73.125,2.0,0.3
7.131584435869818,-73.12452005466557,1.5,1.8854277902948093,1.9,4.0,270.0,D,7.13,-73.125,2.0,0.3
7.128445727349557,-73.12398801148659,1.5,1.9154306651952382,1.9,4.0,270.0,D,7.13,-73.125,2.0,0.3
7.132286704954343,-73.12765208876931,1.5,1.9161824262198048,1.9,4.0,270.0,D,7.13,-73.125,2.0,0.3
7.129665396260688,-73.12524841805943,1.5,1.8970837908382236,1.9,4.0,270.0,D,7.13,-73.125,2.0,0.3
7.1307501078698055,-73.12323048361307,1.5,1.8921592040825852,1.9,4.0,270.0,D,7.13,-73.125,2.0,0.3
7.127314493156666,-73.12611283374937,1.5,1.902798486240782,1.9,4.0,270.0,D,7.13,-73.125,2.0,0.3
7.132662181701805,-73.12522541474712,1.5,1.8836688115909932,1.9,4.0,270.0,D,7.13,-73.125,2.0,0.3
7.128817732315776,-73.12531369468587,1.5,1.8770633583566512,1.9,4.0,270.0,D,7.13,-73.125,2.0,0.3
7.127636923338096,-73.12607711509878,1.5,1.8811955758214856,1.9,4.0,270.0,D,7.13,-73.125,2.0,0.3
7.129774784913001,-73.12272452088705,1.5,1.8873037367205707,1.9,4.0,270.0,D,7.13,-73.125,2.0,0.3
7.127998272291664,-73.12347032835602,1.5,1.8767305240041545,1.9,4.0,270.0,D,7.13,-73.125,2.0,0.3
7.128123979391863,-73.12711761285526,1.5,1.9032411911812575,1.9,4.0,270.0,D,7.13,-73.125,2.0,0.3
7.130713788751098,-73.12229713493213,1.5,1.914594313475674,1.9,4.0,270.0,D,7.13,-73.125,2.0,0.3
7.129422243739022,-73.12293791744041,1.5,1.8682580339840351,1.9,4.0,270.0,D,7.13,-73.125,2.0,0.3
7.132276286137604,-73.12617510182751,1.5,1.9005025742243207,1.9,4.0,270.0,D,7.13,-73.125,2.0,0.3
7.129024181169866,-73.12316796277223,1.5,1.8956012840946732,1.9,4.0,270.0,D,7.13,-73.125,2.0,0.3
7.13122045205771,-73.12714028314109,1.5,1.906830173710736,1.9,4.0,270.0,D,7.13,-73.125,2.0,0.3
7.129790095262335,-73.12228587791628,1.5,1.8997412246379282,1.9,4.0,270.0,D,7.13,-73.125,2.0,0.3
7.130863085966002,-73.124099009539,1.5,1.8709280144013674,1.9,4.0,270.0,D,7.13,-73.125,2.0,0.3
7.130537949129827,-73.12418362300501,1.5,1.8747522140228565,1.9,4.0,270.0,D,7.13,-73.125,2.0,0.3
7.129853144232049,-73.12722717557982,1.5,1.9005884715116994,1.9,4.0,270.0,D,7.13,-73.125,2.0,0.3
7.132428497998275,-73.12284093988671,1.5,1.92057561839491,1.9,4.0,270.0,D,7.13,-73.125,2.0,0.3
7.129151293883679,-73.12756129179256,1.5,1.8557162525791397,1.9,4.0,270.0,D,7.13,-73.125,2.0,0.3
7.1282583854759,-73.12640937211812,1.5,1.9069145315960314,1.9,4.0,270.0,D,7.13,-73.125,2.0,0.3
7.13096098302101,-73.12694124029058,1.5,1.9237924401057527,1.9,4.0,270.0,D,7.13,-73.125,2.0,0.3
7.131867032454172,-73.1234949411736,1.5,1.8969394824758756,1.9,4.0,270.0,D,7.13,-73.125,2.0,0.3
7.127519241530526,-73.12664115970392,1.5,1.9110040499205287,1.9,4.0,270.0,D,7.13,-73.125,2.0,0.3
7.129728221530799,-73.12276695708812,1.5,1.885938618382044,1.9,4.0,270.0,D,7.13,-73.125,2.0,0.3
7.1321178359563575,-73.12415021191998,1.5,1.8976126760144625,1.9,4.0,270.0,D,7.13,-73.125,2.0,0.3
7.131346924503421,-73.12752233840682,1.5,1.8675817296338368,1.9,4.0,270.0,D,7.13,-73.125,2.0,0.3
7.132653759832423,-73.12768946320718,1.5,1.8531131338316225,1.9,4.0,270.0,D,7.13,-73.125,2.0,0.3
7.130169506716962,-73.12743807576685,1.5,1.9188553160245054,1.9,4.0,270.0,D,7.13,-73.125,2.0,0.3
7.130863325640634,-73.12442398088753,1.5,1.8803001014455112,1.9,4.0,270.0,D,7.13,-73.125,2.0,0.3
7.128934197495394,-73.12336054761509,1.5,1.8908894430999312,1.9,4.0,270.0,D,7.13,-73.125,2.0,0.3
7.132414870605184,-73.12642174481614,1.5,1.872271154934596,1.9,4.0,270.0,D,7.13,-73.125,2.0,0.3
7.129278755701486,-73.12309992132128,1.5,1.8718006059383223,1.9,4.0,270.0,D,7.13,-73.125,2.0,0.3
7.131286987022973,-73.12740776433446,1.5,1.8965232459981076,1.9,4.0,270.0,D,7.13,-73.125,2.0,0.3
7.1294773513569165,-73.12336336425665,1.5,1.885408456117287,1.9,4.0,270.0,D,7.13,-73.125,2.0,0.3
7.130333570596762,-73.1226736565425,1.5,1.907559419959894,1.9,4.0,270.0,D,7.13,-73.125,2.0,0.3
7.131185931094091,-73.12352027967262,1.5,1.9090507683795916,1.9,4.0,270.0,D,7.13,-73.125,2.0,0.3
7.130048208054204,-73.1239226229242,1.5,1.906416992926492,1.9,4.0,270.0,D,7.13,-73.125,2.0,0.3
7.132196609175582,-73.12316206996387,1.5,1.9047720158185688,1.9,4.0,270.0,D,7.13,-73.125,2.0,0.3
7.129564553809203,-73.12750064853499,1.5,1.9315553640986376,1.9,4.0,270.0,D,7.13,-73.125,2.0,0.3
7.130793589074149,-73.1266217032411,1.5,1.8786481246191022,1.9,4.0,270.0,D,7.13,-73.125,2.0,0.3
7.1291493987821735,-73.12703965793735,1.5,1.8989013026759416,1.9,4.0,270.0,D,7.13,-73.125,2.0,0.3
7.129504419844284,-73.12497536056104,1.5,1.9226537964103916,1.9,4.0,270.0,D,7.13,-73.125,2.0,0.3
7.129676514602371,-73.1236666715959,1.5,1.9252907961867607,1.9,4.0,270.0,D,7.13,-73.125,2.0,0.3
7.127980881000711,-73.12429299804838,1.5,1.8715647270131084,1.9,4.0,270.0,D,7.13,-73.125,2.0,0.3
7.1277969697003565,-73.12309055572116,1.5,1.8937528911668826,1.9,4.0,270.0,D,7.13,-73.125,2.0,0.3
7.1309037638399575,-73.12687494522544,1.5,1.927162421917345,1.9,4.0,270.0,D,7.13,-73.125,2.0,0.3
7.130839162773173,-73.12372413493993,1.5,1.9101615821039812,1.9,4.0,270.0,D,7.13,-73.125,2.0,0.3
7.130879049354819,-73.1266692345665,1.5,1.9039052606295954,1.9,4.0,270.0,D,7.13,-73.125,2.0,0.3
7.127408693530457,-73.12624660957422,1.5,1.8956463061313067,1.9,4.0,270.0,D,7.13,-73.125,2.0,0.3
7.129064058967999,-73.12385854222654,1.5,1.892323981485845,1.9,4.0,270.0,D,7.13,-73.125,2.0,0.3
7.128369403199266,-73.12238865546283,1.5,1.9057643812618064,1.9,4.0,270.0,D,7.13,-73.125,2.0,0.3
7.131500885504065,-73.12439342798055,1.5,1.8949525175003104,1.9,4.0,270.0,D,7.13,-73.125,2.0,0.3
7.13194593627036,-73.12742261886042,1.5,1.899148427579111,1.9,4.0,270.0,D,7.13,-73.125,2.0,0.3
7.128633105140218,-73.12436751402153,1.5,1.9015719741223007,1.9,4.0,270.0,D,7.13,-73.125,2.0,0.3
7.130905702250524,-73.12748868904404,1.5,1.88643856943013,1.9,4.0,270.0,D,7.13,-73.125,2.0,0.3
7.128000067767157,-73.12291102288773,1.5,1.9106425874776287,1.9,4.0,270.0,D,7.13,-73.125,2.0,0.3
7.128786738849424,-73.12386031724981,1.5,1.9582848929683083,1.9,4.0,270.0,D,7.13,-73.125,2.0,0.3
7.1280502050875665,-73.12677752458835,1.5,1.8644602672134785,1.9,4.0,270.0,D,7.13,-73.125,2.0,0.3
7.12883189328902,-73.1272202134477,1.5,1.9064802504837994,1.9,4.0,270.0,D,7.13,-73.125,2.0,0.3
7.130942866114249,-73.12672094031535,1.5,1.8847961982276218,1.9,4.0,270.0,D,7.13,-73.125,2.0,0.3
7.132214095134917,-73.12238962127734,1.5,1.9115480515503849,1.9,4.0,270.0,D,7.13,-73.125,2.0,0.3
7.128394831845017,-73.12522534644248,1.5,1.900931149466557,1.9,4.0,270.0,D,7.13,-73.125,2.0,0.3
7.130227055511725,-73.12345517317632,1.5,1.915237095480849,1.9,4.0,270.0,D,7.13,-73.125,2.0,0.3
7.131086692211528,-73.1242582140158,1.5,1.9235101315301755,1.9,4.0,270.0,D,7.13,-73.125,2.0,0.3
7.13244393777029,-73.12460621866022,1.5,1.9038484223553698,1.9,4.0,270.0,D,7.13,-73.125,2.0,0.3
7.130593878621309,-73.12692977496275,1.5,1.9226410457682834,1.9,4.0,270.0,D,7.13,-73.125,2.0,0.3
7.128678574231599,-73.12257452745814,1.5,1.8531140421242263,1.9,4.0,270.0,D,7.13,-73.125,2.0,0.3
7.130677071305501,-73.12608029500677,1.5,1.9318090459583204,1.9,4.0,270.0,D,7.13,-73.125,2.0,0.3
7.129031382939462,-73.12457574385614,1.5,1.9075012430378466,1.9,4.0,270.0,D,7.13,-73.125,2.0,0.3
7.132569155293642,-73.1239136221921,1.5,1.9215568671149035,1.9,4.0,270.0,D,7.13,-73.125,2.0,0.3
7.12945865948458,-73.12418847292453,1.5,1.8756024851031694,1.9,4.0,270.0,D,7.13,-73.125,2.0,0.3
7.1310005549337,-73.12260405593395,1.5,1.8833846023678933,1.9,4.0,270.0,D,7.13,-73.125,2.0,0.3
7.12742736958219,-73.12691178212302,1.5,1.9029187658828954,1.9,4.0,270.0,D,7.13,-73.125,2.0,0.3
7.129460738595468,-73.12495457796632,1.5,1.8996592422132506,1.9,4.0,270.0,D,7.13,-73.125,2.0,0.3
7.132024054287233,-73.12552185916796,1.5,1.9056613717601998,1.9,4.0,270.0,D,7.13,-73.125,2.0,0.3
7.130594779534064,-73.12514046996047,1.5,1.9216903032232646,1.9,4.0,270.0,D,7.13,-73.125,2.0,0.3
7.129697519759422,-73.12707068789001,1.5,1.8646955936939429,1.9,4.0,270.0,D,7.13,-73.125,2.0,0.3
7.132352288072436,-73.12698978659039,1.5,1.919476381434346,1.9,4.0,270.0,D,7.13,-73.125,2.0,0.3
7.131910074785761,-73.12620682098432,1.5,1.9001656381991585,1.9,4.0,270.0,D,7.13,-73.125,2.0,0.3
7.129040688285651,-73.12606201267073,1.5,1.8959243627775089,1.9,4.0,270.0,D,7.13,-73.125,2.0,0.3
7.13024038004279,-73.12539206096028,1.5,1.8705776953123021,1.9,4.0,270.0,D,7.13,-73.125,2.0,0.3
7.1299450924018855,-73.12439645181855,1.5,1.910060973367537,1.9,4.0,270.0,D,7.13,-73.125,2.0,0.3
7.1307133553882585,-73.124267889406,1.5,1.8517178429793792,1.9,4.0,270.0,D,7.13,-73.125,2.0,0.3
7.129104876069185,-73.12547957067626,1.5,1.9129678802247743,1.9,4.0,270.0,D,7.13,-73.125,2.0,0.3
7.1286197481830165,-73.12549603572555,1.5,1.8701578832905401,1.9,4.0,270.0,D,7.13,-73.125,2.0,0.3
7.132226748185596,-73.12653553073075,1.5,1.9010691582523493,1.9,4.0,270.0,D,7.13,-73.125,2.0,0.3
7.132287196973582,-73.12451979229147,1.5,1.8976166232534415,1.9,4.0,270.0,D,7.13,-73.125,2.0,0.3
7.131852546133833,-73.12599492806358,1.5,1.9233907629458775,1.9,4.0,270.0,D,7.13,-73.125,2.0,0.3
7.132580357459796,-73.12752289784574,1.5,1.8964268966197222,1.9,4.0,270.0,D,7.13,-73.125,2.0,0.3
7.1313219570344035,-73.1254437390164,1.5,1.8861172287770867,1.9,4.0,270.0,D,7.13,-73.125,2.0,0.3
7.131428125742146,-73.12514066602358,1.5,1.8898696138524065,1.9,4.0,270.0,D,7.13,-73.125,2.0,0.3
7.131416917659213,-73.12649222079227,1.5,1.9254576553750933,1.9,4.0,270.0,D,7.13,-73.125,2.0,0.3
7.129895360141099,-73.12460597513022,1.5,1.9107259393836178,1.9,4.0,270.0,D,7.13,-73.125,2.0,0.3
7.129765019105818,-73.12464233364953,1.5,1.8922874003695367,1.9,4.0,270.0,D,7.13,-73.125,2.0,0.3
7.128598279264945,-73.12390151596001,1.5,1.8952710716007097,1.9,4.0,270.0,D,7.13,-73.125,2.0,0.3
7.1307814341826345,-73.12419545895224,1.5,1.868656458188291,1.9,4.0,270.0,D,7.13,-73.125,2.0,0.3
7.128863186278789,-73.12417107192192,1.5,1.9077694840170307,1.9,4.0,270.0,D,7.13,-73.125,2.0,0.3
7.128693151220441,-73.12599942396606,1.5,1.8648036858460906,1.9,4.0,270.0,D,7.13,-73.125,2.0,0.3
7.130463841525994,-73.12343694901364,1.5,1.915035929316709,1.9,4.0,270.0,D,7.13,-73.125,2.0,0.3
7.129514271300906,-73.12473275377155,1.5,1.9025724318498252,1.9,4.0,270.0,D,7.13,-73.125,2.0,0.3
7.128482970043566,-73.12537294655738,1.5,1.9477390359914784,1.9,4.0,270.0,D,7.13,-73.125,2.0,0.3
7.131705416027279,-73.12431474651218,1.5,1.8779972889255139,1.9,4.0,270.0,D,7.13,-73.125,2.0,0.3
7.131945609913195,-73.12575774277958,1.5,1.8979467581791873,1.9,4.0,270.0,D,7.13,-73.125,2.0,0.3
7.128206929990334,-73.12493072422879,1.5,1.9359657540184612,1.9,4.0,270.0,D,7.13,-73.125,2.0,0.3
7.127342542603004,-73.12371279894334,1.5,1.9238277928058283,1.9,4.0,270.0,D,7.13,-73.125,2.0,0.3
7.1291157688408155,-73.12289874841083,1.5,1.8860757589684018,1.9,4.0,270.0,D,7.13,-73.125,2.0,0.3
7.131605347535135,-73.12271029892544,1.5,1.904479348567469,1.9,4.0,270.0,D,7.13,-73.125,2.0,0.3
7.131830158316405,-73.12498024422158,1.5,1.9007804976157903,1.9,4.0,270.0,D,7.13,-73.125,2.0,0.3
7.1280484491111356,-73.12488974430954,1.5,1.905639117347883,1.9,4.0,270.0,D,7.13,-73.125,2.0,0.3
7.131480297219278,-73.12336931037834,1.5,1.8860263912803032,1.9,4.0,270.0,D,7.13,-73.125,2.0,0.3
7.127926366727581,-73.12600901362862,1.5,1.8982135919459853,1.9,4.0,270.0,D,7.13,-73.125,2.0,0.3
7.129406785472174,-73.12316532109517,1.5,1.8680389524944656,1.9,4.0,270.0,D,7.13,-73.125,2.0,0.3
7.132690461858601,-73.12503185761543,1.5,1.9031415764552633,1.9,4.0,270.0,D,7.13,-73.125,2.0,0.3
7.128341241712843,-73.12708896386697,1.5,1.9090004134684366,1.9,4.0,270.0,D,7.13,-73.125,2.0,0.3
7.128132811840264,-73.12732713426368,1.5,1.8954516117471223,1.9,4.0,270.0,D,7.13,-73.125,2.0,0.3
7.129583436026538,-73.1231402473872,1.5,1.867698982188304,1.9,4.0,270.0,D,7.13,-73.125,2.0,0.3
7.130645722945719,-73.12741681326139,1.5,1.9197706372570291,1.9,4.0,270.0,D,7.13,-73.125,2.0,0.3
7.13233590216106,-73.12619303086055,1.5,1.907290500759856,1.9,4.0,270.0,D,7.13,-73.125,2.0,0.3
7.1325944770685625,-73.12590199770231,1.5,1.8854796980459805,1.9,4.0,270.0,D,7.13,-73.125,2.0,0.3
7.127677811157064,-73.12677825002172,1.5,1.8943879910632386,1.9,4.0,270.0,D,7.13,-73.125,2.0,0.3
7.128046660075729,-73.1260120443348,1.5,1.869986611944363,1.9,4.0,270.0,D,7.13,-73.125,2.0,0.3
7.1315688016495145,-73.12368024241269,1.5,1.8794917974444418,1.9,4.0,270.0,D,7.13,-73.125,2.0,0.3
7.128762347233004,-73.12763914551691,1.5,1.889243773072857,1.9,4.0,270.0,D,7.13,-73.125,2.0,0.3
7.13207661844539,-73.12322083710596,1.5,1.924568416245603,1.9,4.0,270.0,D,7.13,-73.125,2.0,0.3
7.130881982274703,-73.12306109859193,1.5,1.8872099321822504,1.9,4.0,270.0,D,7.13,-73.125,2.0,0.3
7.127905541865988,-73.1256946391488,1.5,1.912804273186575,1.9,4.0,270.0,D,7.13,-73.125,2.0,0.3
7.131794304623197,-73.12688364650298,1.5,1.8892336759427684,1.9,4.0,270.0,D,7.13,-73.125,2.0,0.3
7.128253641799541,-73.12445163176899,1.5,1.9049589512170375,1.9,4.0,270.0,D,7.13,-73.125,2.0,0.3
7.129587186532898,-73.12706821344729,1.5,1.8971720899571238,1.9,4.0,270.0,D,7.13,-73.125,2.0,0.3
7.13028158620254,-73.12573456595939,1.5,1.9174611320018549,1.9,4.0,270.0,D,7.13,-73.125,2.0,0.3
7.130004134086527,-73.12250707078547,1.5,1.8893037732356288,1.9,4.0,270.0,D,7.13,-73.125,2.0,0.3
7.131004521993401,-73.12230567356984,1.5,1.8685494349999512,1.9,4.0,270.0,D,7.13,-73.125,2.0,0.3
7.13082388687763,-73.12352029874769,1.5,1.8723610193727274,1.9,4.0,270.0,D,7.13,-73.125,2.0,0.3
7.132655024039546,-73.12602798773338,1.5,1.8893624501211448,1.9,4.0,270.0,D,7.13,-73.125,2.0,0.3
7.132694845480607,-73.12397948101233,1.5,1.8750188005864388,1.9,4.0,270.0,D,7.13,-73.125,2.0,0.3
7.130088813778465,-73.12388300406977,1.5,1.908204240313591,1.9,4.0,270.0,D,7.13,-73.125,2.0,0.3
7.12781572275685,-73.12560991474022,1.5,1.8906846367028383,1.9,4.0,270.0,D,7.13,-73.125,2.0,0.3
7.131229426409158,-73.12423385027004,1.5,1.9474921310005286,1.9,4.0,270.0,D,7.13,-73.125,2.0,0.3
7.132572045825833,-73.127660653812,1.5,1.8652457080972573,1.9,4.0,270.0,D,7.13,-73.125,2.0,0.3
7.129019701971017,-73.12658213894933,1.5,1.904072663574196,1.9,4.0,270.0,D,7.13,-73.125,2.0,0.3
7.129790685877496,-73.12486357028301,1.5,1.8774409395298866,1.9,4.0,270.0,D,7.13,-73.125,2.0,0.3
7.129594101579337,-73.12682851404728,1.5,1.8901319731923463,1.9,4.0,270.0,D,7.13,-73.125,2.0,0.3
7.127579489322151,-73.1268167921331,1.5,1.9028283894668108,1.9,4.0,270.0,D,7.13,-73.125,2.0,0.3
7.130929526749584,-73.12317118362921,1.5,1.8534925725025142,1.9,4.0,270.0,D,7.13,-73.125,2.0,0.3
7.129208620522407,-73.12234010398339,1.5,1.9047365223357604,1.9,4.0,270.0,D,7.13,-73.125,2.0,0.3
7.131551134840263,-73.12469563930905,1.5,1.938058149245485,1.9,4.0,270.0,D,7.13,-73.125,2.0,0.3
7.1317920965567625,-73.123156145217,1.5,1.890931234032628,1.9,4.0,270.0,D,7.13,-73.125,2.0,0.3
7.131733338721242,-73.12233364006386,1.5,1.90519615713611,1.9,4.0,270.0,D,7.13,-73.125,2.0,0.3
7.129550335589178,-73.12694899477873,1.5,1.920498433862508,1.9,4.0,270.0,D,7.13,-73.125,2.0,0.3
7.129037073058218,-73.12528143937618,1.5,1.89672092999946,1.9,4.0,270.0,D,7.13,-73.125,2.0,0.3
7.131342619418937,-73.12558418753926,1.5,1.8883807962293702,1.9,4.0,270.0,D,7.13,-73.125,2.0,0.3
7.131626276177903,-73.12728368405213,1.5,1.854485271925565,1.9,4.0,270.0,D,7.13,-73.125,2.0,0.3
7.129952825795893,-73.12361151934994,1.5,1.9128198143878994,1.9,4.0,270.0,D,7.13,-73.125,2.0,0.3
7.132120767725992,-73.12536010839685,1.5,1.8977366318054285,1.9,4.0,270.0,D,7.13,-73.125,2.0,0.3
7.128078556380222,-73.12516679955169,1.5,1.8797463229722366,1.9,4.0,270.0,D,7.13,-73.125,2.0,0.3
7.132045428462059,-73.12689963376086,1.5,1.9025319342055538,1.9,4.0,270.0,D,7.13,-73.125,2.0,0.3
7.127820558297668,-73.12673511482987,1.5,1.8883263928638763,1.9,4.0,270.0,D,7.13,-73.125,2.0,0.3
7.128130448096505,-73.12278617820311,1.5,1.8894314773776895,1.9,4.0,270.0,D,7.13,-73.125,2.0,0.3
7.130182598330491,-73.12747618964116,1.5,1.912125823122174,1.9,4.0,270.0,D,7.13,-73.125,2.0,0.3
7.127666360150432,-73.12645274422135,1.5,1.873232351773523,1.9,4.0,270.0,D,7.13,-73.125,2.0,0.3
7.127586978585654,-73.12613077742854,1.5,1.920946305721475,1.9,4.0,270.0,D,7.13,-73.125,2.0,0.3
7.12730483428926,-73.125053305579,1.5,1.8720462767376318,1.9,4.0,270.0,D,7.13,-73.125,2.0,0.3
7.129656369176756,-73.12452991278427,1.5,1.8867459718328947,1.9,4.0,270.0,D,7.13,-73.125,2.0,0.3
7.131481851139684,-73.1250364889844,1.5,1.9391453664689373,1.9,4.0,270.0,D,7.13,-73.125,2.0,0.3
7.127490020468971,-73.12726157294419,1.5,1.9225470952328483,1.9,4.0,270.0,D,7.13,-73.125,2.0,0.3
7.130821571330961,-73.1263939315363,1.5,1.9019520798499088,1.9,4.0,270.0,D,7.13,-73.125,2.0,0.3
7.131743572268089,-73.12313157286266,1.5,1.8811893956899757,1.9,4.0,270.0,D,7.13,-73.125,2.0,0.3
7.128208555939876,-73.1242517952493,1.5,1.889414553866002,1.9,4.0,270.0,D,7.13,-73.125,2.0,0.3
7.128094501561349,-73.12418893028654,1.5,1.9014655062917138,1.9,4.0,270.0,D,7.13,-73.125,2.0,0.3
7.13194685666608,-73.1240744379168,1.5,1.9007504646467919,1.9,4.0,270.0,D,7.13,-73.125,2.0,0.3
7.131743557658793,-73.1235703383553,1.5,1.8981825814074806,1.9,4.0,270.0,D,7.13,-73.125,2.0,0.3
7.130210127030644,-73.127402997718,1.5,1.8993833497183161,1.9,4.0,270.0,D,7.13,-73.125,2.0,0.3
7.131722380088334,-73.12572538107962,1.5,1.8957124978058977,1.9,4.0,270.0,D,7.13,-73.125,2.0,0.3
7.127802540449292,-73.1247850505547,1.5,1.8711604252871996,1.9,4.0,270.0,D,7.13,-73.125,2.0,0.3
7.129430629695551,-73.12587847058822,1.5,1.8896697851567832,1.9,4.0,270.0,D,7.13,-73.125,2.0,0.3
7.131283138880247,-73.1231267304029,1.5,1.9182924810797368,1.9,4.0,270.0,D,7.13,-73.125,2.0,0.3
7.128691227839281,-73.12509477036866,1.5,1.8726333140489775,1.9,4.0,270.0,D,7.13,-73.125,2.0,0.3
7.131361549067289,-73.12353920824962,1.5,1.8962088897692144,1.9,4.0,270.0,D,7.13,-73.125,2.0,0.3
7.130022547455267,-73.1230857462776,1.5,1.8836049214245831,1.9,4.0,270.0,D,7.13,-73.125,2.0,0.3
7.131350417661131,-73.1249739440066,1.5,1.9031373797476379,1.9,4.0,270.0,D,7.13,-73.125,2.0,0.3
7.129809413811177,-73.12277286264454,1.5,1.8922273363786635,1.9,4.0,270.0,D,7.13,-73.125,2.0,0.3
7.12928722111468,-73.12452622165931,1.5,1.9295478732994933,1.9,4.0,270.0,D,7.13,-73.125,2.0,0.3
7.128484764771225,-73.12309521498841,1.5,1.910131663083805,1.9,4.0,270.0,D,7.13,-73.125,2.0,0.3
7.128426435446121,-73.12586686423833,1.5,1.8737639366844556,1.9,4.0,270.0,D,7.13,-73.125,2.0,0.3
7.131357026717821,-73.12500643335713,1.5,1.9145578530966005,1.9,4.0,270.0,D,7.13,-73.125,2.0,0.3
7.127943667053169,-73.12482918735316,1.5,1.8845069628747586,1.9,4.0,270.0,D,7.13,-73.125,2.0,0.3
7.127765989893338,-73.12714811283313,1.5,1.8884600725724492,1.9,4.0,270.0,D,7.13,-73.125,2.0,0.3
7.128253290983252,-73.12555166954967,1.5,1.9062763804021423,1.9,4.0,270.0,D,7.13,-73.125,2.0,0.3
7.128248192619882,-73.12273052563063,1.5,1.8901650516053972,1.9,4.0,270.0,D,7.13,-73.125,2.0,0.3
7.1317434659973635,-73.12428853675159,1.5,1.917857116326459,1.9,4.0,270.0,D,7.13,-73.125,2.0,0.3
7.129452348881796,-73.12675371310472,1.5,1.884509798769732,1.9,4.0,270.0,D,7.13,-73.125,2.0,0.3
7.132646101609985,-73.1258763000055,1.5,1.8876210689481727,1.9,4.0,270.0,D,7.13,-73.125,2.0,0.3
7.128042417474482,-73.12667705700011,1.5,1.8868725821290377,1.9,4.0,270.0,D,7.13,-73.125,2.0,0.3
7.130828490095691,-73.12758400282128,1.5,1.8886872250328992,1.9,4.0,270.0,D,7.13,-73.125,2.0,0.3
7.12972334802848,-73.1226754781121,1.5,1.9219838311109563,1.9,4.0,270.0,D,7.13,-73.125,2.0,0.3
7.129422194016215,-73.12528164756928,1.5,1.912575925872206,1.9,4.0,270.0,D,7.13,-73.125,2.0,0.3
7.132023927945489,-73.12604662063569,1.5,1.9341988790802414,1.9,4.0,270.0,D,7.13,-73.125,2.0,0.3
7.132566280639846,-73.12446448289501,1.5,1.945352884077985,1.9,4.0,270.0,D,7.13,-73.125,2.0,0.3
7.132011920705516,-73.1276792146675,1.5,1.8793856593613532,1.9,4.0,270.0,D,7.13,-73.125,2.0,0.3
7.1283396761151785,-73.12620711158557,1.5,1.9014083825465458,1.9,4.0,270.0,D,7.13,-73.125,2.0,0.3
7.128493445228755,-73.12389590785392,1.5,1.8764759936671314,1.9,4.0,270.0,D,7.13,-73.125,2.0,0.3
7.130842163669539,-73.12427256250432,1.5,1.8844478814450345,1.9,4.0,270.0,D,7.13,-73.125,2.0,0.3
7.128861909847545,-73.12237994837065,1.5,1.8873983497948865,1.9,4.0,270.0,D,7.13,-73.125,2.0,0.3
7.1312665602893786,-73.12434549705145,1.5,1.8788569025172344,1.9,4.0,270.0,D,7.13,-73.125,2.0,0.3
